Original_Value,Normalized_Value
12,0.09333333333333334
45,0.5333333333333333
30,0.3333333333333333
5,0.0
80,1.0
60,0.7333333333333333
